id_modulo,fabricante,modelo,tecnologia_celula,num_celulas,potencia_pico_wp,eficiencia_modulo_pct,vmp_v,imp_a,voc_v,isc_a,coef_temp_pmax_pct_c,coef_temp_voc_pct_c,coef_temp_isc_pct_c,comprimento_mm,largura_mm,espessura_mm,peso_kg,garantia_produto_anos,garantia_desempenho_anos,selo_inmetro,preco_brl,data_preco,fonte_preco,fonte_especificacao,observacoes
MOD001,JA Solar,JAM72S30-550/MR,monocristalino_perc,144,550,21.3,41.96,13.11,49.9,14.0,-0.35,-0.275,0.045,2279,1134,35,27.5,12,25,1,599.0,2026-10-02,https://solar-shops.com/,https://jasolarbrasil.com.br/wp-content/uploads/2024/08/JAM72S30-540-565-MR.pdf,Modelo real; parâmetros elétricos conforme datasheet JA Solar.
MOD002,Jinko Solar,JKM555M-72HL4-V,monocristalino_perc,144,555,21.48,42.16,13.17,50.12,14.04,-0.35,-0.275,0.045,2278,1134,35,28.0,12,25,1,549.9,2026-10-02,https://www.diretaenergiasolar.com.br/,https://registro.inmetro.gov.br/consulta/detalhe.aspx?NumeroRegistro=000025%2F2024&pag=1,Registro Inmetro ativo; preço observado na Direta Energia Solar.
MOD003,Canadian Solar,CS6W-550MS,monocristalino_perc,144,550,21.3,41.7,13.2,49.6,14.0,-0.35,-0.27,0.05,2278,1134,30,24.3,12,25,1,529.8,2026-10-02,https://www.diretaenergiasolar.com.br/,https://www.minhacasasolar.com.br/painel-solar-canadian-monocristalino-550w-half-cell-cs6w-550ms-83846,Preço e especificações publicados por varejista brasileiro.
MOD004,ZTROON,ZTP-340M,monocristalino_perc,68,340,20.66,38.65,8.8,45.2,9.27,-0.41,-0.3,0.05,1870,880,30,16.67,10,25,1,349.9,2026-10-02,https://www.diretaenergiasolar.com.br/,https://www.leroymerlin.com.br/placa-solar-fotovoltaica-340w-monocristalina-ztroon-ztp-340m_1572438969,Modelo e especificações publicados; produto vendido no Brasil.
MOD005,Jinko Solar,JKM460M-60HL4-V,monocristalino_perc,120,460,21.32,34.2,13.45,41.48,14.01,-0.35,-0.29,0.06,1903,1134,30,24.2,12,25,1,389.9,2026-10-02,https://www.diretaenergiasolar.com.br/,https://repositorio.ufc.br/bitstream/riufc/72266/3/2022_tcc_aflsilva.pdf,Especificações elétricas e mecânicas registradas em documentação técnica.
MOD006,Trina Solar,TSM-510DE18M(II),monocristalino_perc,150,510,20.9,43.2,11.81,52.1,12.42,-0.35,-0.29,0.05,2187,1102,35,26.0,12,25,1,549.9,2026-10-02,https://www.diretaenergiasolar.com.br/,https://www.eletrocar.com.br/upload/licitacoes/licitacoes_938_20221215141924_1671124764.pdf,Parâmetros elétricos publicados em documentação técnica.
MOD007,OSDA,ODA550-36V-MH,monocristalino_perc,144,550,21.3,42.1,13.06,50.1,14.01,-0.35,-0.28,0.045,2279,1134,35,28.4,12,25,1,561.22,2026-10-02,https://www.anhangueraenergiasolar.com.br/,https://www.neosolar.com.br/loja/painel-solar-fotovoltaico-550w-osda-oda-550-36v-mh.html,Modelo com registro Inmetro ativo; preço observado no varejo.
MOD008,DAH Solar,DHN-72X16-DG,monocristalino_hjt,144,585,22.65,43.8,13.36,51.6,14.2,-0.29,-0.24,0.045,2278,1134,30,32.0,15,30,1,709.0,2026-10-02,https://www.neosolar.com.br/,https://www.neosolar.com.br/loja/painel-solar-fotovoltaico-585w-dah-solar-dhn-72x16.html,Modelo e preço atuais na NeoSolar; registro Inmetro informado na página.
MOD009,Jinko Solar,JKM550M-72HL4-V,monocristalino_perc,144,550,21.33,41.95,13.12,49.8,13.98,-0.35,-0.29,0.05,2278,1134,35,28.0,12,25,1,1650.0,2026-10-02,https://lista.mercadolivre.com.br/painel-solar-550w-jinko,https://registro.inmetro.gov.br/consulta/detalhe.aspx?NumeroRegistro=000025%2F2024&pag=1,Preço observado em anúncio varejista; modelo consta no registro Inmetro.
MOD010,Jinko Solar,JKM400M-72H-V,monocristalino_perc,144,400,19.6,40.6,9.85,49.3,10.33,-0.35,-0.29,0.06,1979,1002,40,22.0,12,25,1,349.9,2026-10-02,https://www.diretaenergiasolar.com.br/,https://www.diretaenergiasolar.com.br/,Preço e modelo listados no varejo; conferir datasheet antes de uso profissional.
